{"cameraMode":{"drawMode":0,"name":"Shaded","section":"Shading Mode"},"sceneLighting":true,"audioPlay":false,"sceneViewState":{"m_AlwaysRefresh":false,"showFog":true,"showSkybox":true,"showFlares":true,"showImageEffects":true,"showParticleSystems":true,"showVisualEffectGraphs":true,"m_FxEnabled":false},"in2DMode":false,"pivot":{"x":17.29460334777832,"y":-5.101774215698242,"z":3.1581993103027345},"rotation":{"x":0.15539082884788514,"y":-0.1343923807144165,"z":0.021344272419810296,"w":0.9784380197525024},"size":10.443953514099121,"orthographic":false}