{"cameraMode":{"drawMode":0,"name":"Shaded","section":"Shading Mode"},"sceneLighting":false,"audioPlay":false,"sceneViewState":{"m_AlwaysRefresh":false,"showFog":false,"showSkybox":false,"showFlares":false,"showImageEffects":false,"showParticleSystems":false,"showVisualEffectGraphs":true,"m_FxEnabled":false},"in2DMode":false,"pivot":{"x":4.76837158203125e-7,"y":0.8917028903961182,"z":0.06709855794906616},"rotation":{"x":0.0014996323734521866,"y":0.022498084232211114,"z":-0.00003333367931190878,"w":0.9997462630271912},"size":1.3825219869613648,"orthographic":false}