{"cameraMode":{"drawMode":0,"name":"Shaded","section":"Shading Mode"},"sceneLighting":false,"audioPlay":false,"sceneViewState":{"m_AlwaysRefresh":false,"showFog":true,"showSkybox":false,"showFlares":true,"showImageEffects":true,"showParticleSystems":true,"showVisualEffectGraphs":true,"m_FxEnabled":false},"in2DMode":false,"pivot":{"x":2.8470985889434816,"y":4.129493236541748,"z":-4.76837158203125e-7},"rotation":{"x":-0.010493993759155274,"y":0.03299221396446228,"z":0.0003464443434495479,"w":0.9994010925292969},"size":2.5629959106445314,"orthographic":true}