{"cameraMode":{"drawMode":0,"name":"Shaded","section":"Shading Mode"},"sceneLighting":false,"audioPlay":false,"sceneViewState":{"m_AlwaysRefresh":false,"showFog":true,"showSkybox":false,"showFlares":true,"showImageEffects":true,"showParticleSystems":true,"showVisualEffectGraphs":true,"m_FxEnabled":false},"in2DMode":false,"pivot":{"x":-0.1651412397623062,"y":-0.0027183443307876589,"z":0.3869330883026123},"rotation":{"x":-0.2590388059616089,"y":-0.41202685236930849,"z":0.12337278574705124,"w":-0.864848256111145},"size":1.3720529079437256,"orthographic":true}