{"cameraMode":{"drawMode":0,"name":"Shaded","section":"Shading Mode"},"sceneLighting":false,"audioPlay":false,"sceneViewState":{"m_AlwaysRefresh":false,"showFog":true,"showSkybox":false,"showFlares":true,"showImageEffects":true,"showParticleSystems":true,"showVisualEffectGraphs":true,"m_FxEnabled":false},"in2DMode":false,"pivot":{"x":-101.28811645507813,"y":-7.830786228179932,"z":-0.36620187759399416},"rotation":{"x":0.13602933287620545,"y":0.11563343554735184,"z":-0.015988558530807496,"w":0.9838032126426697},"size":3.5660250186920168,"orthographic":false}